{"cameraMode":{"drawMode":0,"name":"Shaded","section":"Shading Mode"},"sceneLighting":false,"audioPlay":false,"sceneViewState":{"m_AlwaysRefresh":false,"showFog":true,"showSkybox":false,"showFlares":true,"showImageEffects":true,"showParticleSystems":true,"showVisualEffectGraphs":true,"m_FxEnabled":true},"in2DMode":false,"pivot":{"x":-0.10094305872917175,"y":0.8545123934745789,"z":0.28921622037887576},"rotation":{"x":-0.04176092520356178,"y":-0.35474056005477908,"z":-0.015876421704888345,"w":0.9339250922203064},"size":3.063499927520752,"orthographic":false}