{"cameraMode":{"drawMode":0,"name":"Shaded","section":"Shading Mode"},"sceneLighting":false,"audioPlay":false,"sceneViewState":{"m_AlwaysRefresh":false,"showFog":true,"showSkybox":false,"showFlares":true,"showImageEffects":true,"showParticleSystems":true,"showVisualEffectGraphs":true,"m_FxEnabled":true},"in2DMode":false,"pivot":{"x":-0.10094305872917175,"y":0.8545123934745789,"z":0.28921622037887576},"rotation":{"x":0.07229224592447281,"y":-0.6428689956665039,"z":0.06112454831600189,"w":0.760138213634491},"size":3.063499927520752,"orthographic":false}