{"cameraMode":{"drawMode":0,"name":"Shaded","section":"Shading Mode"},"sceneLighting":true,"audioPlay":false,"sceneViewState":{"m_AlwaysRefresh":false,"showFog":true,"showSkybox":true,"showFlares":true,"showImageEffects":true,"showParticleSystems":true,"showVisualEffectGraphs":true,"m_FxEnabled":true},"in2DMode":false,"pivot":{"x":-17.2653751373291,"y":0.03165830299258232,"z":18.884143829345704},"rotation":{"x":0.03548746556043625,"y":-0.3450276255607605,"z":0.013026203960180283,"w":0.9378969073295593},"size":14.1443452835083,"orthographic":false}