{"cameraMode":{"drawMode":0,"name":"Shaded","section":"Shading Mode"},"sceneLighting":true,"audioPlay":false,"sceneViewState":{"m_AlwaysRefresh":false,"showFog":true,"showSkybox":true,"showFlares":true,"showImageEffects":true,"showParticleSystems":true,"showVisualEffectGraphs":true,"m_FxEnabled":true},"in2DMode":false,"pivot":{"x":-0.42755982279777529,"y":1.5306692123413087,"z":-0.14277242124080659},"rotation":{"x":-0.0021703606471419336,"y":-0.8536871075630188,"z":-0.0035848780535161497,"w":0.5208085775375366},"size":6.164072513580322,"orthographic":false}